{
  "formatVersion": 1,
  "database": {
    "version": 1,
    "identityHash": "4f388db49a045b311fd5a73c86af04bc",
    "entities": [
      {
        "tableName": "CommandShortcut",
        "createSql": "CREATE TABLE IF NOT EXISTS `${TABLE_NAME}` (`id` INTEGER PRIMARY KEY AUTOINCREMENT NOT NULL, `option` TEXT NOT NULL)",
        "fields": [
          {
            "fieldPath": "id",
            "columnName": "id",
            "affinity": "INTEGER",
            "notNull": true
          },
          {
            "fieldPath": "option",
            "columnName": "option",
            "affinity": "TEXT",
            "notNull": true
          }
        ],
        "primaryKey": {
          "autoGenerate": true,
          "columnNames": [
            "id"
          ]
        },
        "indices": [],
        "foreignKeys": []
      },
      {
        "tableName": "CommandTemplate",
        "createSql": "CREATE TABLE IF NOT EXISTS `${TABLE_NAME}` (`id` INTEGER PRIMARY KEY AUTOINCREMENT NOT NULL, `name` TEXT NOT NULL, `template` TEXT NOT NULL)",
        "fields": [
          {
            "fieldPath": "id",
            "columnName": "id",
            "affinity": "INTEGER",
            "notNull": true
          },
          {
            "fieldPath": "name",
            "columnName": "name",
            "affinity": "TEXT",
            "notNull": true
          },
          {
            "fieldPath": "template",
            "columnName": "template",
            "affinity": "TEXT",
            "notNull": true
          }
        ],
        "primaryKey": {
          "autoGenerate": true,
          "columnNames": [
            "id"
          ]
        },
        "indices": [],
        "foreignKeys": []
      },
      {
        "tableName": "CookieProfile",
        "createSql": "CREATE TABLE IF NOT EXISTS `${TABLE_NAME}` (`id` INTEGER PRIMARY KEY AUTOINCREMENT NOT NULL, `url` TEXT NOT NULL, `content` TEXT NOT NULL)",
        "fields": [
          {
            "fieldPath": "id",
            "columnName": "id",
            "affinity": "INTEGER",
            "notNull": true
          },
          {
            "fieldPath": "url",
            "columnName": "url",
            "affinity": "TEXT",
            "notNull": true
          },
          {
            "fieldPath": "content",
            "columnName": "content",
            "affinity": "TEXT",
            "notNull": true
          }
        ],
        "primaryKey": {
          "autoGenerate": true,
          "columnNames": [
            "id"
          ]
        },
        "indices": [],
        "foreignKeys": []
      },
      {
        "tableName": "downloaded_songs_info",
        "createSql": "CREATE TABLE IF NOT EXISTS `${TABLE_NAME}` (`id` INTEGER PRIMARY KEY AUTOINCREMENT NOT NULL, `songName` TEXT NOT NULL, `songAuthor` TEXT NOT NULL, `songUrl` TEXT NOT NULL, `thumbnailUrl` TEXT NOT NULL, `songPath` TEXT NOT NULL, `songDuration` REAL NOT NULL DEFAULT 0.0, `extractor` TEXT NOT NULL DEFAULT 'Unknown')",
        "fields": [
          {
            "fieldPath": "id",
            "columnName": "id",
            "affinity": "INTEGER",
            "notNull": true
          },
          {
            "fieldPath": "songName",
            "columnName": "songName",
            "affinity": "TEXT",
            "notNull": true
          },
          {
            "fieldPath": "songAuthor",
            "columnName": "songAuthor",
            "affinity": "TEXT",
            "notNull": true
          },
          {
            "fieldPath": "songUrl",
            "columnName": "songUrl",
            "affinity": "TEXT",
            "notNull": true
          },
          {
            "fieldPath": "thumbnailUrl",
            "columnName": "thumbnailUrl",
            "affinity": "TEXT",
            "notNull": true
          },
          {
            "fieldPath": "songPath",
            "columnName": "songPath",
            "affinity": "TEXT",
            "notNull": true
          },
          {
            "fieldPath": "songDuration",
            "columnName": "songDuration",
            "affinity": "REAL",
            "notNull": true,
            "defaultValue": "0.0"
          },
          {
            "fieldPath": "extractor",
            "columnName": "extractor",
            "affinity": "TEXT",
            "notNull": true,
            "defaultValue": "'Unknown'"
          }
        ],
        "primaryKey": {
          "autoGenerate": true,
          "columnNames": [
            "id"
          ]
        },
        "indices": [],
        "foreignKeys": []
      }
    ],
    "views": [],
    "setupQueries": [
      "CREATE TABLE IF NOT EXISTS room_master_table (id INTEGER PRIMARY KEY,identity_hash TEXT)",
      "INSERT OR REPLACE INTO room_master_table (id,identity_hash) VALUES(42, '4f388db49a045b311fd5a73c86af04bc')"
    ]
  }
}